date,A2C,DDPG,PPO,TD3,SAC
2020-07-01,100000.0,100000.0,100000.0,100000.0,100000.0
2020-07-02,100376.84934846498,101524.06257702637,101349.78640168764,100363.01482435608,101842.5000072632
2020-07-03,43.20432893372481,206.58393933106709,27144.29139131166,104.19332167054179,217.8424984130957
2020-07-06,100681.35984651186,103612.03877331543,105605.64287092592,100808.66509291077,102640.85395776368
2020-07-07,98839.28973237611,107062.13276745606,105237.4939667511,99044.51490065003,106561.76197778322
2020-07-08,97105.70384065248,109417.31306530762,103407.95327156068,97269.62273451233,107515.94719659425
2020-07-09,98394.88088838197,109104.86604382325,105167.35505073548,98592.14502760315,109080.19837152101
2020-07-10,97343.50115815736,106636.96455456543,106972.38115852355,97507.76294752503,106900.11441003419
2020-07-13,97091.4602340851,109652.43013073731,109261.73772590638,97195.50733229065,108839.30276452638
2020-07-14,96648.6279129181,106656.592118042,107680.91879432679,96707.3506092682,105058.71076165773
2020-07-15,97857.8271316681,107508.43367077637,104743.55575721741,97881.06874494172,106635.93232690431
2020-07-16,97707.01820222475,107506.43537976075,105195.15648048402,97838.95557050324,109074.64447747804
2020-07-17,98919.5595535431,107793.533524292,108596.18701332093,99065.34422711945,108912.16831933595
2020-07-20,98932.94700471498,110764.59712292481,109813.22294013978,99080.91703443146,111874.14680444337
2020-07-21,98840.3222488556,110018.517899292,111165.69722908021,99065.30434827424,111708.09957086183
2020-07-22,98938.16595307924,108787.09053112793,112436.95093696595,99077.47295789338,110741.65188562013
2020-07-23,98370.70149079897,110168.29023815918,115052.23340766907,98412.61069898224,111052.45751916505
2020-07-24,97024.55276338197,112919.33503796387,118157.26742713929,97029.87665204621,114343.54894219972
2020-07-27,98826.66331330873,112436.57624890137,118197.60409706116,98870.06322126008,114668.687774292
2020-07-28,105658.56497041322,116285.71077038575,120051.07589118958,105747.39094190217,117627.2239223633
2020-07-29,106887.78338471986,117912.84614636231,116415.94142311097,106986.12422589875,118160.42422448732
2020-07-30,106097.944471756,114781.43061901856,116351.59983222962,106194.32831983185,115312.71646081544
2020-07-31,105359.6934951935,115820.18245007325,114901.31064002991,105464.30235700226,116616.3035656128
2020-08-03,103340.28176728822,113020.111649292,111940.34676521302,103458.008648201,114741.13501702882
2020-08-04,102352.21278230287,110029.03425671387,118075.3465058136,102491.00434522248,112513.21918450929
2020-08-05,103300.30540315248,109670.92829968262,117503.30648963929,103465.86195783234,112148.43854486085
2020-08-06,103043.86463777162,110906.06611706543,117929.0750366974,103154.9207423172,113927.1749416504
2020-08-07,102438.39398042299,112540.89473034668,118810.9281174469,102520.59718732453,113857.39115869142
2020-08-10,101617.08674470522,114360.498368042,118027.08928840638,101782.15179090119,114186.72467004396
2020-08-11,101687.94294587709,114972.93965222168,118716.15990608216,101799.24221448517,114648.02825891114
2020-08-12,102438.77082673647,116479.672196167,118330.3279663849,102509.14071302033,117550.18119775392
2020-08-13,103577.7236160431,116775.26350476075,118040.068048172,103809.21780042267,118110.91082727052
2020-08-14,102567.29636994936,115538.91377331543,117114.01793067933,102839.96085004426,115475.19399224855
2020-08-17,103247.19343415834,118474.14497448731,116462.38718574525,103544.72880200959,116952.46218072511
2020-08-18,106562.06019441225,118537.47761608887,117755.99192970277,106879.63022260285,117311.96867333986
2020-08-19,107191.7366012726,119910.51179577637,118269.49720924378,107523.5859263382,116984.04123651124
2020-08-20,105969.70472566225,119000.87568737793,116565.08834999085,106297.5659678421,116148.47664605714
2020-08-21,107045.37922517397,119600.435868042,115914.50390022279,107355.51318006135,115832.38523065187
2020-08-24,106934.73274079897,120205.09932019043,116692.15796058656,107247.78358869172,117231.31000482179
2020-08-25,106624.04070893861,122423.24226452637,116583.94820564271,106926.79597119904,117603.14224206544
2020-08-26,104250.7668747101,124976.72383190918,119045.40517585755,104541.04816846467,121449.1259685669
2020-08-27,103506.82790986635,128892.39424206543,118322.9469696808,103836.86608533478,124689.71105157472
2020-08-28,103847.73455659486,135507.742508667,118468.18955390931,104211.5705836258,129087.39260064698
2020-08-31,99905.87840119936,131858.57099987793,115463.3399521637,100219.41870526886,125391.48709069825
2020-09-01,100023.35272065736,130399.77412487793,116325.88470619202,100368.08404950715,124898.94006311036
2020-09-02,100852.0334762726,132322.7348182373,118630.32509773255,101179.04887036896,127184.67475091554
2020-09-03,100990.29060212709,133699.99177624512,117985.82610481263,101318.88802747345,126909.49530755616
2020-09-04,100321.32453767397,131144.8998572998,116107.79885261536,100655.8523829422,124663.652907959
2020-09-07,98453.64886323549,130311.7786414795,115888.95220344544,98716.01261548615,124794.58791314698
2020-09-08,97800.64533845522,129973.92036511231,116766.67427986146,98017.99679212189,125435.42280541993
2020-09-09,97934.6164840851,130592.627274292,118440.73228614808,98184.59410504914,125603.96798669435
2020-09-10,100075.91457978822,131777.05537487793,125028.47823122407,100359.59293775178,126967.51167260743
2020-09-11,99553.27937165834,132139.9387977295,125189.14833620454,99844.53602246857,125900.07167779542
2020-09-14,99890.35291902162,134460.088211792,124533.64467409517,100138.23791150666,132490.55332910156
2020-09-15,100366.30389253236,136916.26533581543,125163.15340212251,100670.09371595002,134522.78836785888
2020-09-16,101428.08308259584,135882.67585827637,125920.53438356782,101782.6952937088,133160.19088708496
2020-09-17,101153.60149995424,134939.66499401856,124460.72517946626,101492.36181287385,134373.83868371582
2020-09-18,102140.81106416322,136247.57490612793,124699.9751184311,102452.63695935822,134291.80727349853
2020-09-21,99217.16311494447,129345.85896374512,121500.12044313813,99507.83981732941,128469.98669396974
2020-09-22,98927.28767243959,129071.49787976075,119535.46175173188,99156.66716413117,128751.00604211427
2020-09-23,98624.19061128236,126685.72187878418,120122.07628420259,98895.87344388581,126466.52806054689
2020-09-24,96266.36952058412,119094.86909558106,116722.71907595063,96583.89413098908,120473.1024089966
2020-09-25,98405.15228120424,123487.11677624512,119052.61946657563,98785.73856763459,126405.26087152101
2020-09-28,100153.3790420685,128098.5032508545,120583.18477419282,100560.44214276886,130889.52452813722
2020-09-29,103455.53895417787,125205.43147351075,121386.7309778061,103888.67122296906,127030.56493341066
2020-09-30,103060.8408035431,126493.48249890137,120806.14851931001,103475.09117536164,126117.93130456544
2020-10-01,104374.3067764435,135829.97432019043,121150.20277956392,104823.1178782425,132296.61749230957
2020-10-05,103019.19085542299,138534.1625526123,120054.20345095063,103475.58206586457,134087.52681695556
2020-10-06,105251.0354293976,141108.58601452637,120699.87727907563,105690.11484174347,136555.71910821533
2020-10-07,107070.75364533998,140810.75508190918,122441.90669802095,107506.95180158234,136212.62573968506
2020-10-08,110342.4201950226,141869.41804577637,121650.52321413423,110792.38814954377,137918.90975915527
2020-10-09,109205.3380264435,141870.76350476075,121558.8911340561,109744.08818463898,139034.36163293457
2020-10-12,109437.66189424135,141209.6772010498,121666.05556276704,109896.94187574006,139217.2569423828
2020-10-13,111328.7717575226,141667.09187390137,123248.49880007173,111786.55622510529,141770.84587060547
2020-10-14,112939.249159256,141317.53242565918,124094.84505251313,113497.23350171662,142111.74233209228
2020-10-15,111239.96453706361,135441.242508667,119978.56755617524,111756.50619535065,136988.05219232177
2020-10-16,113666.91575471498,137409.22615124512,118762.46919802095,114198.42580060578,134984.74058496093
2020-10-19,114617.12615815736,139457.08259655762,118711.12557009126,115156.7040904007,138379.890067688
2020-10-20,115370.60374299623,141671.12214733887,117924.47304323579,115964.14342908478,141418.09201776123
2020-10-21,117407.12580720522,141521.9897010498,116440.1652734604,118028.24958829499,140867.5718380127
2020-10-22,116996.81561128236,138928.33418347168,115753.4966028061,117647.87856702424,138742.60919152832
2020-10-23,114339.96951142885,139740.63276745606,116206.09309938813,114968.04140882111,137311.1254192505
2020-10-26,113773.89080659486,137902.24531628418,111869.53816774751,114452.63583783722,137722.8027263794
2020-10-27,115861.62185517885,138559.74971081543,111993.86244753267,116667.14931897736,137417.94130670166
2020-10-28,115745.76143765259,138421.19854504394,111881.86878115084,116550.48328795625,137280.53220789338
2020-10-29,118455.42403207399,138041.7412591553,111982.605992363,119206.56984703829,135411.45049034886
2020-10-30,118424.99471078493,138562.98027282718,112839.06640724948,119164.30568688204,135470.78954064182
2020-11-02,117850.4792688904,142619.70097595218,106942.28065590671,118613.74947350314,139853.73993431858
2020-11-03,117834.49922738649,144069.43217712405,106098.53845314792,118614.01735680392,142139.4698079758
2020-11-04,117453.3093470154,148847.78837829593,108807.1082468491,118217.0475081711,145295.8091176682
2020-11-05,119583.89882455446,153825.60527282718,111509.14230065158,120359.93056481173,149998.5704091721
2020-11-06,117996.5681360779,157218.80034118655,115436.13703255466,118779.67867272189,153306.57074486546
2020-11-09,119734.17128549196,162870.9072747803,116298.85955910495,120551.31789391329,157161.5538076096
2020-11-10,122162.48848519899,163748.6914544678,119418.65881447605,123042.45369713595,163862.95998131565
2020-11-11,124941.06111703493,160764.99565368655,117651.29358773044,125844.50386803439,161425.0941365891
2020-11-12,125535.82320199587,159442.56035095218,117330.25579170993,126433.45449059298,159712.93532311253
2020-11-13,126838.41542611696,158941.74394470218,118896.6964045029,127728.65706627657,159353.62701927952
2020-11-14,127206.39058480837,159232.18437438968,119448.91397194673,128100.83028405001,159811.67088829807
2020-11-17,127104.49355111696,161083.42412048343,119397.72571663669,128041.52980797579,161578.84491478733
2020-11-18,127585.56972299196,164514.37968688968,122435.79555611423,128608.6539534836,172318.0829824143
2020-11-19,123776.70039926149,162096.44096618655,122059.01403145603,124746.9844588547,171285.1292308884
2020-11-20,126110.33418832399,162910.0596185303,122749.74678902439,127059.3590316086,172084.3471263962
2020-11-23,126599.92812142946,169469.17631774905,125497.43819527439,127533.7027816086,174636.24112358858
2020-11-24,126204.2165735779,171075.92949157718,126907.61225228122,127152.83296959689,178131.22150078585
2020-11-25,124972.2839563904,169663.6650872803,125494.42140297702,125888.97847740939,176919.0241741257
2020-11-26,125226.29921517946,168803.68998962405,126318.01966957857,126155.07686608126,177635.33169976046
2020-11-27,124429.3054407654,171291.9912591553,124967.93319039157,125348.19557946017,177273.99573174288
2020-12-01,127187.1120813904,177962.90605407718,126123.63080696872,128104.25136559298,182441.1481975632
2020-12-02,127755.21285043337,178300.41142517093,126934.26980690769,128669.56758873751,184596.43379631807
2020-12-03,126742.68904672243,178794.9639154053,128377.38692574314,127661.01149742892,183778.81438103487
2020-12-04,131871.34956918337,181305.31181579593,127579.62544350437,132817.8977889328,186215.8319286423
2020-12-07,130984.03145394899,185613.9111810303,128050.55706887058,131935.3654403,189050.87416497042
2020-12-08,135082.1443079529,182584.03959899905,129034.05631356052,136039.05593102265,187346.34271660616
2020-12-09,133359.2726648865,183445.31205993655,130446.18758492282,134327.93849938203,188904.69203606417
2020-12-10,128626.5847376404,182064.01518493655,129422.3841867905,129567.9449691086,186531.5882000046
2020-12-11,129941.4480188904,182093.08769470218,129095.6196680527,130859.07790367892,186798.86700859835
2020-12-14,131481.71285043337,180710.66826110843,127959.63120369724,132457.44344322968,184811.17055168917
2020-12-15,133610.22554574587,183044.01054626468,129102.01048378757,134583.95845787812,185784.30391350557
2020-12-16,132525.4660242615,182406.08940368655,129283.08756356052,133515.43105309297,186995.27925530245
2020-12-17,133944.44197640993,184281.2021966553,129711.49575142673,134949.37880699922,187789.17125359346
2020-12-18,133515.53865609743,181634.61064392093,129659.20451454929,134523.80165856172,185165.1070446091
2020-12-21,129839.5456751404,172773.41142517093,125111.12912087253,130819.41139977267,173201.37176934053
2020-12-22,129937.65547738649,176388.79863220218,125577.07248787693,130950.21144860079,174050.6698192673
2020-12-23,130416.9870813904,178355.62138610843,126502.27148537448,131416.86312096406,177661.5492595749
2020-12-24,130640.59688363649,177790.2021966553,128279.6521692734,131652.32772057343,177448.9955638962
2020-12-28,133189.30232797243,179279.89506774905,128653.22392372896,134231.52779381562,179002.09917107393
2020-12-29,133277.27968392946,185662.82768493655,127952.85797982028,134319.5921248703,183394.1628154831
2020-12-30,138718.2140711365,185842.90800720218,128389.24694161228,139763.89662926484,183212.5302929001
2020-12-31,136891.70564828493,184478.20927673343,127747.17221932224,137937.19643395234,182593.57878533175
2021-01-01,137046.209188324,185463.5625482178,127963.04654793552,138084.02956383515,184788.1943554001
2021-01-04,137993.99312387087,187648.94169860843,128571.7544489365,139052.64076988984,186086.54140129854
2021-01-05,138395.57576547243,190301.0605950928,127093.14647774509,139493.11702721406,187569.67131462862
2021-01-06,141047.7126673279,189603.9785638428,124982.01659493259,142167.27162926484,186690.89563408663
2021-01-07,139804.23592172243,192334.8291497803,125931.08491616062,140975.7014998703,190206.299976738
2021-01-08,144726.22011361696,196557.02617126468,128107.3275461655,145938.44820397187,191396.70779839327
2021-01-11,145591.9079798279,198256.61845642093,126397.87827400974,146771.5925521164,192316.42938652803
2021-01-12,145971.83492074587,196751.8516107178,128293.45605568698,147144.40523522187,191710.96352043917
2021-01-13,146379.82576547243,198653.96538024905,127901.3791666489,147547.24929039765,198519.5022472458
2021-01-14,144576.9894617615,199867.94902282718,128524.74926094821,145745.37221520234,201435.64674797823
2021-01-15,141161.85249887087,195161.9180169678,126926.67220406345,142292.41262047578,200517.84047356417
2021-01-18,139674.58241830446,190754.52714782718,127130.03717903903,140760.1227034836,195969.65121880342
2021-01-19,142173.32710824587,191184.32402282718,130841.81950478366,143308.4554061203,196880.78108635714
2021-01-20,143649.1242273865,194511.57182556155,132667.01214699558,144808.23799889375,199086.07350579073
2021-01-21,143566.40718637087,190899.81205993655,134331.37362007907,144730.07118981172,194865.7704052048
2021-01-22,143241.73433480837,185438.5166497803,132494.39000801853,144379.38265221406,190394.475178154
2021-01-25,143098.55314791872,185253.16117004392,132361.93526655584,144235.0546298752,190204.09226015478
2021-01-27,144120.26595867923,184394.29693525695,129615.48167230231,145205.19333115392,187813.9416348954
2021-01-28,145002.95895380405,181141.97986524962,128067.78144647222,146261.92505112462,183985.08258032997
2021-01-29,141867.43328089145,183239.80128401183,125410.34463311774,143076.29146042638,185925.32658362587
2021-02-01,152892.07973474887,193751.50566023253,132781.79890252693,154267.7514061051,200582.84852576454
2021-02-02,152739.25685310367,193557.7571109695,132649.01735916905,154113.50468434146,200382.27959572605
2021-02-03,151212.61804969792,202960.02749004363,132942.80272203835,152620.766383606,207811.38596610265
2021-02-04,154012.6722120209,200123.908685112,133474.36143022927,155381.4274019776,207458.5379665299
2021-02-05,158228.09489573672,198694.02541484832,133443.35346514138,159541.8834261475,206323.09288291173
2021-02-08,158069.88152470402,198495.37330759433,133309.96864093025,159382.3941232224,206116.77596121223
2021-02-09,159100.61831605536,196654.22833163457,132996.0379702836,160429.9026143113,204096.45665026866
2021-02-10,158485.59643495185,196216.886504242,135135.68855927285,159803.04958696754,204332.33729602062
2021-02-11,159481.5888208161,197202.48040682988,138712.44859955605,160778.27334185035,205263.5246207429
2021-02-12,158648.6142114411,198322.30094058232,138295.572012642,159944.91884966285,204383.85765582285
2021-02-15,158857.6633294831,200245.68859011846,139055.76936219033,160169.3061787644,206821.4582755128
2021-02-16,160082.10464418036,201048.02385623174,139982.3913485795,161404.86025591285,207178.34022491466
2021-02-17,159143.68725526435,197900.47692019658,139851.6265628129,160466.59853716285,203827.005202942
2021-02-18,156804.1535638581,202087.3043127747,139195.18228028115,158103.25368853004,206310.1041256715
2021-02-19,153886.31098878485,202541.35684115606,140061.0767428666,155170.93435259254,208271.9438320924
2021-02-22,153069.57525575263,193814.2502051087,135650.61671326455,154308.20095415504,200804.10345428478
2021-02-23,155380.85073793036,196060.26143557744,136473.3275210648,156651.74526567847,202948.7307888795
2021-02-24,159040.81870973212,199536.10836703496,139306.74503205117,160349.4758564988,205741.65403717052
2021-02-25,158663.82495057685,203236.39900881963,143170.03770325478,159954.06350298316,211402.21313446056
2021-02-26,151578.15855348212,194812.28230197149,137691.69777558144,152809.96071978004,204610.34062164318
2021-03-01,157713.86987245185,196931.41624362188,139046.38175080117,158973.03506060035,207398.7834011842
2021-03-02,159142.02622926337,200532.76725680547,139689.71449158486,160410.8802754441,210226.19293182384
2021-03-03,161108.0686029206,204010.79983432012,146240.44109223183,162387.78225298316,214089.10127227794
2021-03-04,167962.0067895661,202462.8779898377,143945.1463382035,169207.75796099097,212466.34690826427
2021-03-05,168796.18862855536,196427.94726474004,143338.10261414346,170044.37075395972,205805.8926083375
2021-03-08,165050.43247926337,195228.02966220098,143396.78873322305,166348.92934770972,206019.8214871217
2021-03-09,165974.33901918036,197651.97246463018,143960.97764466103,167267.6067158738,207411.6420590211
2021-03-10,167727.39692628485,201148.06777865606,143652.93550751504,169037.61416216285,210196.35121124279
2021-03-12,164583.6920465241,199063.93180758672,141504.09760926064,165885.48257036597,207789.72582977306
2021-03-15,162580.84028565985,202746.0208502503,138987.24142334756,163852.6126973191,210409.03680389415
2021-03-16,164564.21421754462,202580.27603823857,138295.82066986855,165810.52932329566,211389.81153839122
2021-03-17,161592.44663941962,199206.03972537236,135901.71829865273,162813.7993428269,206509.80198638927
2021-03-18,161455.79077088935,196259.49400241094,133325.06282685098,162660.61733599097,201970.0367276002
2021-03-19,165290.66558778388,196514.42853457647,136693.68730805215,166472.80971880347,204510.32661407482
2021-03-22,166778.20913636786,194455.61147982793,135624.909903267,167946.19741411597,201912.25068634044
2021-03-23,171875.38452088935,196739.78810794072,136808.92219422158,173052.0608174363,204173.36074798595
2021-03-24,170022.14097535712,191879.1229620667,134011.54393647012,171169.17495317847,200405.54447906505
2021-03-25,165332.01382386786,189382.97419650274,130902.805807808,166486.71108599097,198071.53150909435
2021-03-26,166958.6047357331,190833.45434481816,132722.2156970292,168139.4221455613,197785.5639340211
2021-03-30,168307.14117372138,194343.997832367,134434.9751956254,169509.53481645972,202703.2462612916
2021-03-31,167000.83608949286,190991.1066427918,133994.4465930253,168194.5903584519,200391.66262786876
2021-04-01,170989.92271363837,194929.66805941777,135383.34746430215,172207.99587603004,206196.65785186779
2021-04-05,168406.60601747138,189891.4304495545,132760.91188690957,169591.64748735816,203486.4410549928
2021-04-06,166924.41607606513,188311.51034457402,132482.81482575234,168106.79165239722,202029.37327545177
2021-04-07,167469.98863160712,191259.00012118535,133445.13028595742,168654.17568560035,204639.01506011974
2021-04-08,172925.44213807685,192688.1976080628,134036.1587741166,174125.28701372535,203616.8853604127
2021-04-09,169191.44322145087,193901.05992800908,132906.64627716836,170376.4790303269,203026.50291412364
2021-04-12,161251.98052919013,184591.08085543828,127586.62858460244,162386.5609395066,191331.49816864025
2021-04-13,163712.4228051911,184660.20297915654,131346.0821978837,164871.69424028785,192607.9141232301
2021-04-15,162040.1835473786,181757.70281893926,131652.2127749711,163202.59048052222,191577.59876983654
2021-04-16,166484.26802003485,184052.92852694707,131540.11768982705,167630.66384478004,194404.78012054454
2021-04-19,161347.49420106513,179758.65801913457,128556.7520968705,162447.9584004441,189199.2255093385
2021-04-20,153768.75962770087,179431.6102591248,130006.72040436561,154891.71206255347,187110.21025054943
2021-04-22,151057.86382997138,177042.86797244268,130368.10748932656,152183.1567647019,186261.61927764904
2021-04-23,150188.83355653388,176731.59148318486,130560.75100586709,151301.49477739722,187332.18374603282
2021-04-26,155602.82163941962,178915.63045413213,132414.93700287637,156728.31899614722,185742.51881378185
2021-04-27,156818.1008294831,181786.33080966191,135146.29347870644,157987.18557329566,188089.22651641857
2021-04-28,157754.58531129462,187044.60081393438,137222.81610749062,158918.53713579566,192080.40705841075
2021-04-29,158023.08746278388,188113.19612796025,141443.38512299355,159171.89846392066,191926.37214630138
2021-04-30,155461.6474145661,186241.90055758672,139544.09261963662,156594.03982134254,190703.08465545665
2021-05-03,157351.5966333161,183756.38389498906,137963.47813294228,158487.6644551316,189430.5646359254
2021-05-04,155974.42759645087,183711.27535922246,135775.90972016152,157107.45229692847,188466.07667510997
2021-05-05,158075.96372926337,185888.31620700078,136449.33319733437,159207.53139849097,191368.4941860963
2021-05-06,158792.2760308991,186804.00083834844,136566.47049591836,159924.2728535691,191228.88667266857
2021-05-07,160739.77349794013,187171.16284091191,137869.76616547402,161872.18178911597,191563.62757843029
2021-05-10,158783.94322145087,190148.28302676397,137729.63083527383,159967.69155474097,193533.8711392213
2021-05-11,160792.90464723212,189071.88923556524,137522.75441620644,161966.8969990769,193829.77024810802
2021-05-12,158447.64781129462,184604.41323001104,136103.89137146767,159623.6244160691,190549.43508880626
2021-05-14,157849.22711122138,181065.24957186895,136642.67098877724,159046.31753130347,188251.53692596446
2021-05-17,161900.04966676337,187676.48603732305,138937.39031098183,163068.65224810035,195693.36546295177
2021-05-18,164902.74986207587,190921.55317599492,140887.35945008096,166104.2630879441,198532.11868255626
2021-05-19,162575.7184137116,191105.38350588994,140399.971571663,163765.56045122535,197795.85446136486
2021-05-20,162868.19351136786,191436.51788241582,139952.69438813027,164064.8578145066,197750.26026885997
2021-05-21,164535.51451051337,196241.08660037236,140863.64847443398,165738.9164082566,202388.50093048107
2021-05-24,162887.53726136786,195447.94612033086,139701.40048096474,164112.87673540504,201376.92156951915
2021-05-25,162508.29840028388,195274.89643771367,139651.8549411088,163741.8412129441,201202.47862213146
2021-05-26,163094.43638551337,197093.8203802796,142182.13639710244,164350.00100298316,201884.3482662965
2021-05-27,165573.21137940985,199159.40985781865,142456.98503754433,166837.85146685035,202197.845046692
2021-05-28,163523.57965028388,200960.89160830693,147059.97459290322,164781.08987017066,203746.5787350465
2021-05-31,166325.90142762763,200025.0304861756,150428.34484741982,167568.15908403785,203673.79797332775
2021-06-01,163618.71528565985,200517.2861853333,150971.11322663125,164871.0122334519,203994.26322906505
2021-06-02,163418.26480043036,201029.30834109502,152427.77975342568,164673.9476582566,205226.9708859254
2021-06-03,164479.88824403388,198574.3083639832,152836.98976776894,165773.7806660691,203057.3312222291
2021-06-04,165155.12535035712,199351.75379855352,153434.2211444169,166476.32192583472,203208.91934173595
2021-06-07,169749.0595239411,202233.97447116094,153716.84187195596,171087.10634966285,206310.4768978883
2021-06-08,168307.43627870185,204235.42327029424,152717.95134613808,169632.66909380347,207392.52275054943
2021-06-09,166682.96850526435,201950.70042330938,150146.20177338418,167981.90395708472,206273.2790676881
2021-06-10,166274.15795838935,205141.07333285527,152369.38047669228,167576.43911333472,207939.5874020387
2021-06-11,165123.3427270661,205239.50499636846,153350.7996890336,166410.9798848191,208616.65663116466
2021-06-14,165532.1520074616,205700.06471926885,154981.29748413857,166833.2261006394,209605.70462005626
2021-06-15,165226.41119325263,206395.42090518193,154616.09048340615,166522.9946553269,210636.13568084728
2021-06-16,163238.96539247138,204637.36749179082,153119.65189240273,164514.75564165504,208260.43019073497
2021-06-17,166266.5348199616,202796.2218542786,153134.10876343545,167542.60158892066,205852.9516293336
2021-06-18,165909.32379090888,202885.87901980596,154302.17604706582,167173.45498247535,205364.71958892833
2021-06-21,168074.39829957587,203453.34050662236,155584.34631989297,169330.03884478004,207590.1921536256
2021-06-22,169936.89781129462,202023.56975466924,154940.8423526078,171223.88051958472,206902.193282776
2021-06-23,171103.82994020087,201937.5243216248,154632.15196106728,172372.7074238816,205923.08093231212
2021-06-24,172476.44537294013,204429.67436892705,152326.40670655068,173770.01552935035,207719.13046234142
2021-06-25,171561.36070191962,206475.2161398621,150897.62827179726,172871.79311724097,208944.52552764904
2021-06-28,170234.91186463935,207442.61921603399,149607.09743378457,171537.90737505347,207537.40550201427
2021-06-29,169122.35601747138,206833.56600863652,149293.70126221474,170422.24526567847,208286.65063446056
2021-06-30,167958.76773011786,207342.70996768193,149572.6829058915,169250.12392778785,208124.19198577892
2021-07-01,166251.66909730536,205551.649596283,147677.5431201249,167533.8890645066,207511.03433197032
2021-07-02,166575.2268060456,206203.80299288945,148832.3031527787,167851.77712603004,207709.30216949474
2021-07-05,166525.70660340888,205832.65416629033,150557.62244293984,167822.58120317847,208542.97602813732
2021-07-06,171884.25132691962,204394.2937384339,150197.52564881142,173179.6087910691,208599.9501034547
2021-07-07,171577.33247315985,205445.89411837774,150645.4606921464,172881.56167192847,210190.3954159547
2021-07-08,171069.65220582587,206808.500907013,149666.6197116166,172361.2640645066,210224.79402130138
2021-07-09,170947.7619622956,205522.71807009893,151010.51552460488,172238.4934346238,209772.78794830333
2021-07-12,175797.37768495185,206882.01012332158,151772.77461121377,177089.98830767066,210878.0947872926
2021-07-13,176619.59869325263,206913.4105063172,152490.60516999062,177923.80190630347,210842.63642852794
2021-07-14,176393.00463807685,209322.14469058232,152208.2657687455,177725.46657915504,212478.79750030529
2021-07-15,178226.1337426911,212849.06403262334,151907.85459778603,179620.4769551316,217263.01156585704
2021-07-16,181690.77319276435,210936.3664084168,152334.60318634805,183093.3392598191,212925.14509552013
2021-07-19,181210.64390504462,207265.57726199346,151567.25704071816,182603.43642778785,209763.5992276002
2021-07-20,183961.20640504462,203225.2189398499,150779.76483032998,185336.14040728004,204060.68063323986
2021-07-22,184868.34117066962,210172.5234900208,154093.05323670205,186293.92348833472,205428.04675262462
2021-07-23,185593.68511903388,208082.72170932012,153949.7151553422,186984.79104204566,206429.79112213146
2021-07-26,188918.06988465888,206344.7037344666,154082.26973603066,190296.4546162644,206231.82542388927
2021-07-27,188096.57690370185,206020.993926117,154199.6840426713,189487.63076372535,204927.72880523693
2021-07-28,189590.3996576081,207372.44068820195,154105.55992005166,190966.7357441941,205389.39688079845
2021-07-29,190836.82241761786,208189.8193960877,157636.36153290566,192218.28322954566,207745.57945220958
2021-07-30,188921.85757386786,214959.8930502625,155146.9358508378,190309.84756060035,208453.44430511486
2021-08-02,188733.00877503972,214744.9847688828,154991.8194905625,190119.6226093064,208245.03770971688
2021-08-03,193592.297183487,219287.36603664403,156213.12762701424,195115.71489944466,213687.95807790384
2021-08-04,191234.24338099678,218260.19130062108,156569.07101690682,192716.51418533333,212360.27846669778
2021-08-05,189239.4624972077,219099.34455226903,157114.00738775643,190401.7239326478,209830.58574819192
2021-08-06,186118.24338099678,223783.84549831395,155133.23945867928,187170.90998306283,211334.89917897806
2021-08-09,185312.76895472725,227225.26741909032,155601.81775915535,186365.54126205452,212117.9210219346
2021-08-10,184647.551089737,229821.9404232407,155259.72195684823,185818.10427322396,210446.49712514505
2021-08-11,184126.2359347077,230581.22798275,157238.69779455574,185317.52542343148,211047.05427693948
2021-08-12,184483.9195284577,236175.01712917333,157527.1597543946,185676.7622856141,210876.06022786722
2021-08-13,184509.703433487,234655.738000145,158949.7657953492,185621.21897354134,209969.71808766946
2021-08-16,181741.7749972077,232650.7098476792,161252.53035986336,182753.6608451844,208256.51498555765
2021-08-17,183163.86572596748,235431.5227596665,161708.57736456307,184288.36263504036,206919.24068593606
2021-08-18,187485.80713221748,234122.95073055272,163158.80466711434,188796.48483505257,207766.34697103128
2021-08-20,185068.640933487,231833.17894100194,161827.54596960457,186257.7928489686,205497.23945760354
2021-08-23,181636.96213099678,234313.6862499619,163794.09668981942,182776.03448715218,204463.84900045022
2021-08-24,184141.14306971748,240585.11486171727,169806.52815496834,185419.3736061097,207168.3381590806
2021-08-25,182423.7359347077,240597.1501018906,168265.72704565438,183600.58549728402,206522.3767867051
2021-08-26,180548.72119471748,238809.64072536473,169817.80575048836,181714.70375289925,204978.3588118516
2021-08-27,186783.5015597077,237508.60257076268,170654.35123693856,188174.0030845643,207008.70089864358
2021-08-30,190044.60400721748,236287.4556438828,174134.95892584237,191533.0728096009,210180.07151174173
2021-08-31,193297.14786097725,237857.03283809667,176090.57155096444,194807.28748550423,210958.66477346048
2021-09-01,191579.58536097725,237286.06466030126,175076.95377600106,193091.46603622445,210402.32190084085
2021-09-02,196107.37442347725,238675.53874324803,175800.21937048348,197802.7114891053,213655.2452559434
2021-09-03,195512.215152237,238288.7567074204,180242.3343149415,197153.37831344613,212859.65715169534
2021-09-06,195986.87619349678,238974.97982906346,182021.09024298104,197691.6451057435,211877.82024526224
2021-09-07,197717.03457972725,237521.75632595067,182877.7789255372,199394.40703048714,213706.12683084115
2021-09-08,197047.47510096748,236521.76441310887,181484.69823706063,198722.4247917176,212949.90783670053
2021-09-09,195908.36572596748,237151.22899745946,182002.36419927987,197481.05559768685,212640.65501382455
2021-09-13,195777.80588099678,236292.80626033788,180314.8839594117,197293.7748207093,212363.1119916688
2021-09-14,194017.398745987,242402.80602382665,179771.35514318856,195398.84317245492,215599.33577706918
2021-09-15,193224.67129847725,245473.55643581395,180247.76988470467,194576.15238418587,217640.40365579232
2021-09-16,192465.99551722725,251452.11854671483,182083.273623108,193274.7382759095,225693.2633588563
2021-09-17,191013.42697474678,251776.69801448827,180811.12386572274,191753.5016654969,224905.41495492563
2021-09-20,187901.07150599678,245793.04291652684,181734.3594080201,188411.19381179818,219872.52305581674
2021-09-21,188679.90478846748,253204.98098873143,184483.59849798592,188950.58317031869,225356.72197702035
2021-09-22,189368.5523409577,258883.30165218358,185900.64285528573,189590.7546028138,226339.55619790658
2021-09-23,189184.9039034577,262255.2870113755,192414.2832285157,189462.74574508675,228881.2669675599
2021-09-24,186885.55197474678,260934.20807003026,192165.1832224122,187195.19835128792,226754.0307920228
2021-09-27,189290.359683487,255122.84719966893,192078.59942114266,189695.2483390809,227230.56016519174
2021-09-28,188349.81192347725,248428.65951656346,191055.7433420411,188738.33110275277,225395.71021249398
2021-09-29,185492.16525599678,245708.06284450536,189612.0530649415,185744.0891288758,224055.04370095834
2021-09-30,183718.25244471748,243159.16660427098,190646.6184641114,183957.5458854676,222100.22506692514
2021-10-01,185891.75900599678,241362.60917018895,188364.43374121102,186237.2643608094,222075.01052835092
2021-10-04,186560.679995987,245648.3923275376,192466.66044104012,186911.91360702523,224570.3146970521
2021-10-05,185259.49551722725,252010.73011135106,195162.00303137215,185639.29251327523,228608.3668515931
2021-10-06,182886.18301722725,245674.19613002782,191943.88952124031,183291.55583419808,223342.386535431
2021-10-07,182688.63135096748,252022.56958889012,191884.59491979989,183016.25525131234,226712.1168668519
2021-10-08,182505.96613700874,251770.60549779516,191692.72548461924,182833.3023937684,226485.4722798768
2021-10-11,182300.70135670478,247795.31293259436,191554.2278057252,182620.412112732,226443.2636764222
2021-10-12,180264.26347523506,246279.84110031897,194360.4486614381,180587.2592349244,223363.3987212373
2021-10-13,182679.92959767158,249146.57219467932,195760.63695489513,182984.0295748902,226680.72086528025
2021-10-14,184050.1013200837,254278.388478859,197142.47325860607,184347.58948089607,229082.57883647166
2021-10-18,183924.29553395088,259861.6147667008,198055.20226251232,184221.21655609139,230676.06778910838
2021-10-19,178362.22061329658,263047.9276329117,200666.8568645631,178679.9596896363,227774.01505473338
2021-10-20,178183.94495976265,262784.88462801365,200466.23308584606,178501.37610391245,227546.27038011182
2021-10-21,177781.11742848216,259488.5402099381,197097.15932193006,178114.99886260997,226889.65690051284
2021-10-22,178399.92321810924,260032.47978513342,197407.5274249574,178795.68444000254,227053.5061012117
2021-10-25,178217.89009127818,258808.11047666174,194075.94014468396,178690.17079864512,227280.87687208573
2021-10-26,178039.73841966258,258549.41096085362,193881.9223105165,178511.48418240368,227053.70255540483
2021-10-27,180111.0277002107,257525.65022211464,191026.2492424776,180509.21801974502,227006.8690178835
2021-10-28,181691.29182984936,257540.51570063026,189576.32254570027,182446.99556185928,222673.4189599001
2021-10-29,186257.8552453767,249063.24162226112,186358.39957339497,186917.40504672256,220665.83741693135
2021-11-01,189673.46703126538,261794.06639032753,185113.56027896138,190346.25451876846,225624.98715142842
2021-11-02,188135.18578126538,257221.9212182084,183438.77124697895,188896.3925650331,226249.27085809346
2021-11-03,192379.60283448803,254545.77061396034,182508.8591986391,193419.71020724502,226792.35778741474
2021-11-04,192139.6989953767,256345.41316156776,183697.73105532856,193154.19262912002,227857.4539635622
2021-11-08,200171.50276734936,248547.41474848182,186779.95191104145,201168.24487521377,227744.1279442751
2021-11-09,199971.364687729,248298.94924930582,186593.17321173113,200967.08503335583,227516.44951626606
2021-11-10,198445.19333425918,245081.27418399826,188296.54218466204,199399.0847989656,225980.98849288962
2021-11-11,197015.23607412734,241294.9656894304,186815.46515829486,197929.3959104158,226209.0020426943
2021-11-12,197976.46677175918,247317.29292179123,190082.93100912494,198893.83742347732,228565.43502609275
2021-11-15,197207.04872671523,246954.57513309494,188865.49610311908,197968.61011329666,230462.8819255068
2021-11-16,193258.31825796523,247316.82401920334,186112.7981050722,194097.42737403885,230532.27602951071
2021-11-17,192832.1033379213,250080.00562931076,184203.0922029726,193551.27416053787,228516.99096481345
2021-11-18,190628.69310537734,242805.46507144943,183217.6743562929,191233.15323463455,225398.1020793154
2021-11-22,187597.84154287734,240149.18670536057,174934.55155355853,188237.71335426345,224449.38046066306
2021-11-23,187792.25192800918,239650.94232059494,177093.0509126894,188487.11531654373,224614.34170333884
2021-11-24,185892.0406853334,236800.35243106858,175796.05350668353,186592.66005531326,223311.01495162986
2021-11-25,186668.29482046523,237340.10038639084,182032.18937094134,187248.25623146072,223434.53118698142
2021-11-26,181271.62279287734,228161.47454715744,175630.71994955462,181797.57956520095,223424.56332199118
2021-11-29,181258.9430290834,229300.70880008713,177829.27390463275,181806.28633705154,226980.04821579
2021-11-30,182244.63857046523,228316.0700366594,177531.2403352968,182789.61267677322,229000.92794601462
2021-12-01,179652.64623037734,237614.10749698654,180858.6752107851,180270.19760719314,232000.8389567568
2021-12-02,179684.32982412734,242516.23007083908,183081.62662680072,180222.87503639236,236078.10540573142
2021-12-03,180006.27904287734,239696.64408756272,178622.39447958392,180669.93979469314,235977.2965678408
2021-12-06,176964.5406853334,232443.69073368088,174228.09195883197,177650.52461830154,229157.61327926657
2021-12-07,178960.9547478334,235741.22875858322,175899.55784017962,179651.45503822342,232425.90225021384
2021-12-08,182031.83373037734,240384.7519672014,179547.49793417376,182706.9193479158,235144.51464645407
2021-12-09,182699.15810171523,240890.16857791916,181199.8068941347,183288.08344093338,233660.29269210837
2021-12-10,182759.34154287734,239881.25158573166,181835.81601889056,183306.5793820955,235797.8611430361
2021-12-13,182315.95482412734,242534.58338809983,178013.51343710345,182873.87460914627,234079.87737838767
2021-12-14,181280.62294546523,243801.71311832443,175929.73401815814,182022.77515235916,234902.31173507712
2021-12-15,180820.3650566713,242936.04307437912,173793.5698641054,181702.1710111238,231457.1788310244
2021-12-16,181738.2750603334,242956.28817630783,175395.9701326601,182625.17415443435,232213.67876998923
2021-12-17,179818.7634941713,237520.14289737717,170516.23761923236,180720.74071327224,232578.91406051657
2021-12-20,175611.86122671523,229902.64575077072,166121.79052145404,176491.12061134353,230613.5137919619
2021-12-21,179435.47060171523,234366.39449955002,167637.00385458392,180385.64545265213,233932.10925094626
2021-12-22,180635.62685171523,238013.589018593,170651.12793905658,181717.2111875154,235335.97991745017
2021-12-23,179879.63857046523,240167.36756778733,171425.73649008197,180877.0864926912,237463.8647746279
2021-12-24,177165.3806816713,242762.26913333908,170830.67188436908,178083.11278358474,237940.81704513571
2021-12-27,177853.70497671523,247856.35948062912,171094.53672201556,178806.6257993318,239578.66872970603
2021-12-28,181517.26732412734,249565.15925479904,172703.58527548236,182514.32431617752,240341.65923873923
2021-12-29,181969.42372671523,249430.99479557053,173491.12085897845,183016.10547462478,239419.7092265322
2021-12-30,181246.2869316713,252187.78169132248,171115.3158357851,182290.87676063552,242004.95190231345
2021-12-31,185904.6619316713,251554.4133746721,172481.4098604433,186938.63060585037,242252.79522506736
2022-01-03,189015.5367790834,253484.9862048723,176411.94162924212,190119.90059486404,247522.38247482321
2022-01-04,187320.7164665834,252902.69387699143,179402.1397798769,188460.65675941482,251710.62850753806
2022-01-05,187473.24013296523,248165.94972110764,183179.0465791933,188651.61951271072,250318.59118454
2022-01-06,182897.02513662734,245850.96842838303,180933.06461508197,184055.31955543533,246811.88729660056
2022-01-07,185019.2361504213,246965.35021854416,180906.79606039447,186122.00591102615,249916.62432662986
2022-01-10,185820.98622671523,248031.78188968674,181202.48459799212,186964.15155616775,251513.57687179587
2022-01-11,186274.07614675918,249780.1928088762,181954.3215425722,187475.05385414138,253873.91894332907
2022-01-12,187519.86498037734,251237.6523578264,185550.15152914447,188739.4794675447,250090.36330978415
2022-01-13,186481.11513296523,248909.28845096604,187311.63800985736,187796.27051368728,252705.01482955954
2022-01-14,187523.30661550918,250052.2892139055,187362.18808920306,188933.42976966873,257333.9214152529
2022-01-17,192623.43544546523,248481.20281864182,188542.47815878314,194050.58960548416,260564.49294845603
2022-01-18,185364.16200796523,240890.47032047287,186385.0980623476,186752.75928321853,258690.86849777243
2022-01-19,182162.69333425918,240956.91926456467,186153.631234955,183559.56740394607,253883.67928878806
2022-01-20,182667.8494316713,239443.3310382463,180975.9963472597,184051.3276883699,248189.82647506736
2022-01-21,180483.88857046523,230282.3114001848,177323.5115450136,181751.04675880447,248634.09847824118
2022-01-24,175436.5916191713,222367.79397464768,170295.30851156634,176660.68712440506,244527.343137665
2022-01-25,174155.71654287734,224539.21281314865,169410.724984955,175442.14713111892,244457.14291183493
2022-01-27,173981.67282029736,224314.71359687054,169241.413554352,175266.79230728163,244212.74541079733
2022-01-28,173296.3613470613,222269.42661038984,168316.05691964744,174485.70150692767,242616.08236360192
2022-01-31,176078.1067236482,225666.24893705,172619.8340345156,177247.0608361513,246381.5624007418
2022-02-01,183309.39793763746,233205.5667471086,173149.3684888613,184560.69123776263,255424.23974351524
2022-02-02,183126.1691947328,232972.41291541304,172976.2416425936,184376.1853650667,255168.8669312136
2022-02-03,181402.87932199112,228634.5451107866,169994.65610862756,182515.59452034015,250129.50733889794
2022-02-04,182975.092365204,227833.0405026323,168519.72797752405,184157.3791883089,251710.1958605349
2022-02-07,183682.5323676454,225036.73715790574,166006.31275535608,184999.92069221515,251952.11112847924
2022-02-08,182544.4627570497,224590.67941864792,168741.1130788424,183788.7024304964,251308.93614068627
2022-02-09,184332.94963449112,229398.46982392136,171126.59888816858,185682.85526252765,254458.53707757592
2022-02-10,183636.916583954,231282.82526215378,171387.2146413424,184900.94608284015,254494.2131487429
2022-02-11,180159.71455758682,228200.7094479448,170203.798076401,181273.4436414339,249371.10665765405
2022-02-14,174.3331488954127,548.3013974076839,59706.088176498655,54.40067268389976,211.87449517847296
2022-02-15,179113.7042426454,228440.06760224167,172285.14014524865,180437.07889534015,248934.0567919314
2022-02-16,176575.5018195497,228577.3880062944,171796.77716801479,177808.0139539339,246766.12982049584
2022-02-17,173339.400958954,227685.2326107866,173340.0251843722,174431.65897346515,243379.44430413842
2022-02-18,170167.57002633682,226789.12357147995,172009.9371716769,171149.33475471515,240789.82035699487
2022-02-21,167746.88643258682,224718.70340546433,170444.268760422,168729.3518445589,238787.85214105248
2022-02-22,166079.3807257997,222892.63907440964,170322.12454960658,167077.67948127765,236029.59015527368
2022-02-23,166901.1541632997,224112.6933956987,169333.31179020717,167906.61014534015,236987.72231164575
2022-02-24,158049.9887120897,209256.459722603,160696.57215092494,158899.7131726839,225043.41618219018
2022-02-25,161772.0255162889,219501.5869503862,163522.86831201197,162615.05741096515,230725.28117242455
2022-02-28,161797.89638115707,220909.15305146042,168208.52556909205,162592.79178596515,230347.53672662377
2022-03-02,157652.74647881332,217755.59869965378,170499.48116601587,158290.9973523714,225711.67881646752
2022-03-03,157495.09420043198,217537.91380118576,170328.98451443505,158132.7357556917,225486.07001214626
2022-03-04,159186.9948325426,218883.22610562915,166291.31515666225,159665.2462815096,222349.9435197299
2022-03-07,159027.91854450246,218664.4902982256,166125.13455955533,159505.72072795127,222127.65204656246
2022-03-08,159027.91854450246,218664.4902982256,166125.13455955533,159505.72072795127,222127.65204656246
2022-03-09,163880.3537957537,225763.19386626454,173794.17135575897,164389.31094664027,229690.07189686617
2022-03-10,164801.28857968925,226810.10959197255,177528.79849198944,165344.61105650355,229305.01945681794
2022-03-11,164159.7156884539,226734.78282500478,178185.1549830783,164648.57838743617,228821.21124465976
2022-03-14,164554.221685158,228843.67251921864,179573.59243730194,165041.5130340426,229878.24387558017
2022-03-15,164062.93129514335,223621.18367339345,177241.51501420623,164550.43426817347,226845.45152481113
2022-03-16,171678.80545590995,229610.24698210927,180841.47651628143,172133.07362669398,235309.3690968326
2022-03-17,173564.0286004412,230294.29091216298,185497.2013240207,174053.04977720667,237172.66634567294
2022-03-21,168770.62228940605,227387.2753787157,184045.45391801483,169206.437991318,232424.63901718173
2022-03-22,169287.10024045585,234053.13553191395,188364.76725724823,169690.00841062953,235931.2728367618
2022-03-23,169975.12633298515,234767.89932585927,188276.43551591522,170336.6051360934,236703.07090957675
2022-03-24,172964.4748895037,236620.8941073534,189937.97357133514,173297.9917022555,240832.2297383121
2022-03-25,172113.2179162371,233247.27641631337,190635.5249476779,172425.49083250453,238075.1237202457
2022-03-28,173267.6089532244,233486.23175383778,192552.16482499725,173510.6915008395,238642.64285476718
2022-03-29,177813.5690667498,232725.9254946825,192481.18231156952,178092.95093077113,242425.9528294376
2022-03-30,180725.7800042498,230060.56309844228,197546.83435014373,181123.55499571253,243442.49371536289
2022-03-31,179765.13149045585,231200.3624606249,195464.99583390838,180131.36198728968,242785.29484756503
2022-04-01,181501.77881406425,233416.4201998827,196797.45942643768,181878.70448606898,243797.3265553287
2022-04-04,183530.8752801287,236308.01990081044,197431.1515040744,183956.11128538538,246203.70501907382
2022-04-05,183347.4148281939,236071.76205602285,197233.77718721036,183772.20743519618,245957.60528353916
2022-04-06,183413.45100690486,232443.41191564203,196168.31363053923,183874.2646344607,242004.69101104775
2022-04-07,183415.17936994196,233814.88762364985,193939.26096643097,183859.66945013453,240152.59878692665
2022-04-08,186107.5725889361,233321.53075109125,197098.40763391144,186416.69038519313,239349.4564376835
2022-04-11,186766.48811627986,232720.65147863032,196179.65108789093,186984.0482800906,236683.23204193154
2022-04-12,184535.3929014361,230065.7899063647,193324.97622216828,184721.26501593043,236238.3156753544
2022-04-13,183299.6297788775,229418.8339737475,192301.20215905792,183452.16960272242,234898.97277984658
2022-04-18,180928.20161725642,222569.3886612475,191214.07335961945,181024.87692388942,229625.75271759072
2022-04-19,180747.30010450006,222346.82117351558,191022.94441064485,180843.8935974734,229396.17632881203
2022-04-20,186726.3002718585,223857.57752677184,193291.73270855748,186852.47129278592,234526.88221354716
2022-04-21,187688.5284823077,225894.70519705993,197961.82808941684,187846.39872198514,239398.61451335184
2022-04-22,185026.50327478818,222349.1434294818,195805.3010813602,185115.28141241483,238195.96354289286
2022-04-25,180892.14530359677,217559.28527518493,192119.89129132114,181015.31083136014,233959.5228995823
2022-04-26,182721.6359041827,221306.57294913512,196959.81444805942,182870.6449988406,233765.2550467991
2022-04-27,179727.437967171,219379.7355162738,194131.583429993,179845.00974493436,234850.1535148167
2022-04-28,181521.26639734677,221455.92249747497,196266.98702496372,181663.37681036405,236364.26005168192
2022-04-29,181925.35233484677,219262.47906180602,194754.20363873325,181996.1736243289,234103.68384928934
2022-05-02,150.2138460772294,397.0841643450724,61390.73275250279,65.96695928982115,212.29099650615183
2022-05-04,179133.24021326474,215130.2954985736,188827.6193964237,179035.0727332156,229690.82673259013
2022-05-05,174671.2232454913,215750.60844107848,186103.76448315463,174532.6440222781,231713.2257804417
2022-05-06,170651.500467171,216552.05224295837,183863.45561474643,170360.12027960233,226446.41007609598
2022-05-09,171275.2525423663,210951.91006156188,179543.81788891635,171030.45340948514,227306.2183646702
2022-05-10,174918.89353357724,211212.02996512633,176883.05171459995,174722.5424597781,226704.03248210184
2022-05-11,174031.79422937802,210676.00416251403,175088.9693476566,173851.74631719998,225090.1176261448
2022-05-12,170086.43049036435,204318.04879447204,170950.2847468265,169821.01267462186,224942.2599296116
2022-05-13,170445.5831698077,203416.26463004333,172355.44508618198,170067.97617559842,225077.14338298075
2022-05-16,165369.45765100888,203425.99627372008,172941.81328076206,165102.24344854764,222690.11545999188
2022-05-17,168130.17167078427,206235.07514640075,178688.26652783237,167819.66501837186,227663.8389402165
2022-05-18,171448.721170296,203614.9075286029,178601.1539179691,171036.28873663358,227439.07096536297
2022-05-19,167584.81803308896,193789.89291068297,173984.73503369174,166926.43949346952,215731.79627664227
2022-05-20,168784.6168001788,199067.41402884704,181543.22621411167,168208.3577673953,217264.03446633954
2022-05-23,168615.9373972247,198868.37900305967,181361.70680816684,168040.1843765872,217046.7714708714
2022-05-24,168615.9373972247,198868.37900305967,181361.70680816684,168040.1843765872,217046.7714708714
2022-05-25,166387.82318680602,194307.21465824157,180621.42074600255,165628.97672976714,208839.99618272446
2022-05-26,166221.5460974811,194113.02385575132,180440.80600918614,165463.4854562381,208631.19629258773
2022-05-27,168463.77957709535,200991.35539054137,181740.60503222694,167721.0220326236,210499.72429896594
2022-05-30,172381.28067572817,205942.83634757262,187076.63873886148,171704.15304458648,217730.7440133214
2022-05-31,171919.05472357973,207020.94242667418,187126.1353819279,171209.67986953765,217135.65481044055
2022-06-01,169011.03653510317,203435.28666495543,186209.64435409586,168284.6234425357,216617.85708094836
2022-06-02,169853.35184272035,204914.7815380023,191003.39703964273,169103.76745498687,220890.97732020618
2022-06-03,160701.46011908754,203192.83549308043,191397.1536314396,159957.6234425357,221832.48870326282
2022-06-06,158079.01199897035,203361.34049796325,190531.94873642008,157296.79748428374,221289.36336756946
2022-06-07,157310.84317572817,201408.6027049945,190227.22260116617,156483.3094166568,216976.06283046008
2022-06-08,156649.77652533754,199904.45878409606,189104.39545272867,155873.04666030913,219588.57934046985
2022-06-09,155257.88480170473,201972.30534171325,191918.4343321232,154464.92181289702,221054.4507699132
2022-06-10,156045.65433295473,198375.8606395648,187555.59314559976,155250.07659805327,217154.4244027257
2022-06-13,151695.16214545473,188016.70158194762,180974.68817733804,150895.8731678775,207792.64003993274
2022-06-14,153657.76065619692,183901.31742667418,179855.57306503336,152862.7593067935,207266.62078334094
2022-06-15,154371.53433783754,182839.62687491637,180847.10223983804,153613.19344985991,206930.78640223743
2022-06-16,150343.87808783754,175227.58390616637,177273.48157333414,149565.17990005523,202735.41906214954
2022-06-17,146742.19363959535,173963.63737296325,179282.0725767521,145899.5782460025,199307.050684464
2022-06-20,150993.71793158754,172985.57121085387,176808.66879867594,150118.84530532866,200780.99532557727
2022-06-21,153542.90237982973,176566.2913036273,178999.47473739664,152642.23467910796,207119.94872523547
2022-06-22,153096.51370795473,172550.73588370543,174355.56104110758,152216.0447377017,207718.64657069446
2022-06-23,153156.55862982973,174528.53410147887,174809.16220687906,152290.5610951236,213240.5181832433
2022-06-24,154861.96817572817,175475.28471183043,177699.89368270914,153997.87179458648,212228.8481087804
2022-06-27,157404.18301947817,179676.4788036273,177798.8346006779,156538.82314956695,213509.07750941516
2022-06-28,157810.61270697817,180488.93632315856,179262.65216659586,156944.49056900054,213912.2851815343
2022-06-29,159229.63004096254,179488.81388663512,180071.39185165445,158319.03158462554,212191.7265877843
2022-06-30,158563.45792182192,176184.67082022887,179333.27771591226,157678.8271168521,210569.02495814563
2022-07-01,161289.61722357973,178510.52628897887,174371.68289779703,160305.86553848296,213768.09777308704
2022-07-04,161128.4152481159,178332.0313103412,174197.3597628788,160145.59753839142,213554.3656962743
2022-07-05,161588.75796277655,177628.9975823139,174997.17937768594,160629.53735961945,211772.92349162346
2022-07-06,164464.85137548103,179574.0171135639,177042.55792004435,163480.07794799836,213520.3245231176
2022-07-07,164665.61570348396,182980.6821526264,176748.36373669474,163712.7200378421,216414.83275584463
2022-07-08,164702.459667107,182255.18776786077,177022.74960095255,163812.550848389,215135.01170826773
2022-07-11,164990.09882726325,181399.37722098577,178997.31753308146,164058.99310913117,212631.76318293816
2022-07-12,162937.79874791755,179331.08498465765,177955.06387097208,162013.73581543,210025.48073591667
2022-07-13,163605.41173925056,175752.88063895452,175801.21990734903,162663.2955383304,206548.85607923943
2022-07-14,161721.9284018482,174668.65212332952,176819.1001258549,160804.17603149445,205283.31764997917
2022-07-15,163806.72980870857,173974.54811942327,178454.25146252481,162904.0596374515,203381.27445997673
2022-07-18,168704.2924155201,180784.0512932514,180584.20675427286,167830.88556518586,208959.61578523307
2022-07-19,171403.1645926441,182424.6030510639,182872.13851696817,170534.63715209992,210151.96515388542
2022-07-20,171718.5514487232,187176.00075614202,184339.8361793217,170832.6670288089,213266.49155259758
2022-07-21,172803.79807653083,192635.87624442327,185402.6484046635,171953.72095336945,217483.77436058098
2022-07-22,181830.04243077888,191715.64919364202,186239.02428967325,180978.02875366242,220326.29531575064
2022-07-25,179832.90607823982,192417.87697684515,181088.76019055216,178987.70258178742,220551.6351848913
2022-07-26,180224.0499381031,190764.3491448139,184001.0833717045,179337.23416748078,218985.88805641228
2022-07-27,184193.56217565192,193292.2788323139,183984.09097058146,183341.59158935578,222514.01852540643
2022-07-28,182371.56811132087,199995.45876395452,191311.56164318888,181527.1240600589,223444.59661225945
2022-07-29,182189.30515241277,199795.52858817327,191120.33644467202,181345.62976278717,223221.17128430994
2022-08-01,185138.2937229084,199433.66982581367,195832.67315078777,184204.80580715975,229901.57038256133
2022-08-02,185745.0460446552,200502.82677771797,197316.7535951237,184719.54549221834,233059.2442028433
2022-08-03,184630.22817356145,201439.92530371895,198184.6461732487,183636.70754055819,232111.307651528
2022-08-04,184343.96804172551,200897.83880164375,196965.36663223308,183327.61263089022,232577.16532585968
2022-08-05,189597.50452549016,199819.14658667793,194407.97637344402,188419.80989651522,233395.76652214874
2022-08-08,186516.0050290302,201058.28199317207,198684.40557266277,185586.36507229647,235191.4222838675
2022-08-10,184329.7903226093,201993.2186386799,199407.65075088543,183551.92610745272,233094.42216179718
2022-08-11,184427.41530735051,206578.7197373127,199985.60967422527,183710.86464505037,232936.71806023468
2022-08-12,183699.83516819036,205657.79433753242,201528.44719863933,182934.15517239412,232060.97269890655
2022-08-16,186069.664910622,207171.9032089924,203710.54375625652,185235.71889309725,236166.5160338675
2022-08-17,184812.58420688665,210060.05494239082,207495.18889785808,184045.42452053865,234179.25748894562
2022-08-18,187438.32496006048,211771.86304785957,207102.70360733074,186685.409811066,234519.63053582062
2022-08-19,185816.96280796087,207437.7561600422,202556.13170791668,185246.78694729647,231413.99418328155
2022-08-22,180908.1201260761,204643.1146652912,200145.94506240886,180328.38710598787,227221.05448601593
2022-08-23,181657.0154813007,204800.1982681965,204942.16771831553,181039.79134182772,232020.74284050812
2022-08-24,181997.46366245305,208249.8821060871,204563.98829784433,181423.59370999178,231790.43546746124
2022-08-25,181026.95768100774,207003.64153601875,203697.80500927012,180436.55989651522,230523.75162957062
2022-08-26,182172.91259128606,206332.19707801094,203886.10769786875,181621.26576809725,232559.93180535187
2022-08-29,181951.19259006536,200915.48052527657,202365.98607006113,181319.44405178865,232645.76627800812
2022-08-30,186601.5866330341,209311.42602088203,208565.36386241953,185939.8830166324,238495.1929137503
2022-09-01,185269.01067478216,207562.50664832344,207615.13408794443,184623.03401760897,237954.88419793
2022-09-02,183957.14248020208,206840.05294348946,206315.4886106495,183444.10323147615,237481.82682488312
2022-09-05,182529.83463413274,208297.07456519356,208070.77331676523,182149.38124661287,236992.92289421905
2022-09-06,181792.2011655048,208277.57857825508,206898.1863187794,181410.1295376285,235458.45829460968
2022-09-07,189271.02170688665,205728.72324683418,206159.84778728525,188619.4679775699,238375.78019402374
2022-09-08,193465.1329587177,210684.77030493965,208686.99206676523,192732.3371181949,243883.5298278128
2022-09-09,189723.64367038762,216882.95482947578,206703.4283689503,189054.68001370272,239711.03483269562
2022-09-12,192031.5092251972,218937.5131027912,207433.34546031992,191333.1602383121,240748.47282097687
2022-09-13,192851.44236118352,221510.95612647285,211152.33747234385,192213.0240688785,241540.65543816437
2022-09-14,192559.5415890888,223911.18242957344,210795.95712413828,191813.48213772615,241240.11246941437
2022-09-15,189816.12867099798,218662.63039710274,208437.55297985117,189162.384420441,239590.45182488312
2022-09-16,181287.83883029973,217315.84061743965,203140.42716350596,180828.74983792147,230046.54276726593
2022-09-19,180766.42351657903,217646.88244178047,205776.45536174814,180304.7121181949,233239.87382195343
2022-09-20,181151.77068454778,222915.1976731037,207759.50387706797,180755.10640530428,234809.99747918
2022-09-21,176821.34105808294,219336.46992041817,208095.0059217457,176461.4674282535,232479.41984246124
2022-09-22,174645.73873264348,217469.8732102131,206129.4153989796,174317.75948147615,231504.80949089874
2022-09-23,171952.8148892597,212984.93711402168,201128.0183271412,171613.62471585115,226107.147869805
2022-09-26,172788.16680271184,209491.29001929512,195841.27786388437,172392.80190090975,223147.15191135468
2022-09-27,173388.86141330755,209960.8073532795,196597.31733074228,172930.57021145662,223564.438063851
2022-09-28,172699.40310031926,208349.79279639473,193366.13784160654,172234.1602383121,223774.65498279632
2022-09-29,172711.72235996282,206745.80218055,192985.03421917002,172184.24995999178,225115.13030674803
2022-09-30,174829.04027683294,210808.64814307442,197026.6337141041,174343.46565823397,227523.27454045165
2022-10-03,174566.92380649602,207626.04586341133,195049.91562786142,173998.78920559725,225783.56542071592
2022-10-04,176365.44660312688,215920.66692664375,199000.9558576588,175899.40248684725,227692.52867755186
2022-10-06,175818.94777805364,214371.47603919258,199573.3223279957,175506.6784878238,227048.95738848936
2022-10-07,173536.45209629094,214935.67937781563,198956.92258586924,173340.48494534334,224099.6530672003
2022-10-10,172114.10970432317,215188.39026953926,197464.489587212,171948.88899807772,223578.46105059874
2022-10-11,169988.33751804387,208348.17980506172,194796.81678905527,169825.0338345035,220886.33519610655
2022-10-12,172798.78373081243,211636.4688980793,196942.80761852305,172645.92525296053,224504.4499422003
2022-10-13,172946.21250278509,211003.01389624825,196691.98818340342,172677.2188320621,224539.26317462217
2022-10-14,173131.06406528509,211359.50277259102,195927.43606700937,172956.66475491365,223033.26463946592
2022-10-17,175344.55584079778,213513.8753006672,198614.79438915293,175018.7668056949,224567.01811496032
2022-10-18,177388.90340549505,215513.8540909504,201065.5844663624,177085.84139065584,227750.24001590026
2022-10-19,178964.21495945012,214998.11167456856,201464.1624616627,178577.96736721834,228250.39338961852
2022-10-20,176298.65009433782,211345.4557755207,202778.15374126474,175996.40077786287,226861.61849490416
2022-10-21,177995.83040744817,209498.65259864082,200277.39816417734,177626.52571682772,228457.14544955504
2022-10-24,177817.97999187507,209289.16282320442,200077.12130013315,177448.9849035953,228228.68845428526
2022-10-25,178237.45854216805,211274.3153599476,197057.1835078129,177959.00280044592,227986.78052960266
2022-10-27,178736.76512601512,211147.928900597,196611.65599621623,178508.54039810217,227592.37574603333
2022-10-28,178984.21597745555,209205.55812728158,200826.51183117717,178763.86187027014,228096.30747821106
2022-10-31,186259.88892057078,210134.00429427376,204218.28868664592,186106.98406265295,230252.58878924622
2022-11-01,188949.75380399363,211745.8407353138,204591.24590100138,188738.11565444982,235074.47230365052
2022-11-02,188203.71478727,211366.64745223275,205217.32813061564,187889.93090103185,233850.5699904181
2022-11-03,186736.73434903758,209727.79459273568,205555.6586970219,186423.92290542639,231291.9568312384
2022-11-04,191164.35730435984,210253.27884566537,210162.42484082072,190874.8834156803,231939.28501727356
2022-11-07,193309.1386306538,209440.0540379261,210078.0063532719,193035.80907485998,233216.44013812317
2022-11-09,191604.2445113911,207718.76175582162,208537.59497631877,191205.7066578678,231901.7005446173
2022-11-10,188752.94731595652,204866.5282505726,204076.65884960978,188336.74468277014,231182.9145643927
2022-11-11,189043.88132169383,209410.22966658822,206513.60997570842,188695.44725845373,239082.08372332825
2022-11-14,190046.29399564402,211337.84992110482,205739.0695246586,189804.3503346256,240371.42353656067
2022-11-15,192878.45833280223,211332.34293257943,205258.08904064982,192664.29839370764,240280.2816298224
2022-11-16,191445.72235562938,210605.3274754261,203736.55357922404,191260.86364028967,241799.27763201966
2022-11-17,190262.65399625438,210003.5992344593,202320.25476635783,190140.5636524967,241588.19352557434
2022-11-18,188798.68428495066,208507.80216109505,200781.61079968303,188706.5710377506,240895.87989642395
2022-11-21,187086.48592069285,207913.73453414193,197966.914113892,187032.0646290592,236632.50404193177
2022-11-22,189642.66168668406,211683.88680159798,199145.43095959513,189582.1632618717,238937.56059100403
2022-11-23,189042.97145536082,211446.4439915394,198777.39343823283,188981.7213063053,238666.8226454474
2022-11-24,190200.20422818797,213791.5529392933,200254.40180004924,190196.518852692,243567.8220656134
2022-11-25,190439.0011947407,216138.74152266732,201668.1457270512,190456.93798110998,244306.9229567267
2022-11-28,190920.3652999653,216883.82236373177,205428.44595898478,190950.0759205631,244912.14896991028
2022-11-29,191903.18538358348,214916.19057357064,204879.55116833537,191872.29332778967,244899.20509173645
2022-11-30,195897.424061562,213848.17269026986,207034.70451916545,195960.37877700842,244567.73029925599
2022-12-01,201327.9780318989,216660.92957198372,206751.2419794926,201452.08043716467,250491.14311053528
2022-12-02,200176.55348661082,218318.8023899769,205976.29294384806,200299.20317886389,247928.01441790833
2022-12-05,199061.48941495555,218596.277136681,204001.19699658244,199183.52623794592,246922.72520282044
2022-12-06,200393.18417813914,216539.12920272103,204389.50722302287,200527.93578384435,244010.08396746888
2022-12-07,198250.09581449168,213778.40315901986,201955.59741772502,198419.07878921545,243707.23408343567
2022-12-08,198501.5789230122,215943.44405257454,202649.34705151408,198808.7921681217,241530.0124953009
2022-12-09,196157.43831327098,213501.48969161263,200114.26488293498,196394.60558364904,237334.06172015442
2022-12-12,197710.74852445262,213545.8461674427,199906.0925654301,197941.5417408756,236749.89149310364
2022-12-13,199910.91495206492,217738.27500045052,201771.00310314982,200133.57280777014,240154.19865252747
2022-12-14,199208.28889920848,221249.13996016732,201992.14198864787,199474.32878921545,242524.27442767395
2022-12-15,196719.8367355122,216014.65355574837,199932.4215144047,197036.28173110998,238213.95707537903
2022-12-16,194276.4946487202,214804.3101719593,197641.8924921879,194637.1741261295,233440.64912249817
2022-12-19,195816.25290372508,214699.83019149056,201437.0567225346,196133.36913345373,230846.01847674622
2022-12-20,196257.84888150828,214671.55469405404,201511.04489697306,196543.28081558264,233783.59959246888
2022-12-21,192434.69629361766,212583.42421614876,198690.42380322306,192737.69823501623,235516.8283522345
2022-12-22,193955.1269119038,209480.0271061634,195741.17719067424,194213.96575210607,234898.1674940802
2022-12-23,191112.54782560008,204466.59180342904,190832.6015070805,191350.56414077795,232632.45371844544
2022-12-26,195738.55247953074,209710.63791548958,193557.21005810588,195933.33434341467,234686.53907611145
2022-12-27,196576.83730008738,211216.8068302845,194286.08731640666,196868.59526870764,234917.35279681458
2022-12-28,195009.51509549754,212924.30940901986,194337.96404064982,195266.85430191076,234723.51289202942
2022-12-29,193392.32071378367,214370.52716719857,194196.50455273478,193627.90575454748,235663.044172547
2022-12-30,192593.9653365864,213698.10451400033,195379.37773693888,192830.48589370764,234941.5300734259
2023-01-02,193989.25270536082,213578.04584395638,196953.41925610392,194221.4026417545,235051.16212298645
2023-01-03,193596.59317472117,216286.80927169076,196286.78233898967,193874.91906021154,238637.00340106263
2023-01-04,193721.43208768504,214133.74793135872,193833.25263012736,194012.61223648107,238855.33228900208
2023-01-05,194014.04782560008,212621.2199314808,190934.76384533732,194236.786430817,238617.24796893372
2023-01-06,193285.9901931538,207036.22051131478,190631.07825268595,193477.6881031803,231574.6630385138
2023-01-09,194779.1199386372,213323.21593367806,193508.1517084965,195014.38329360998,239311.12504412903
2023-01-10,191690.77251126902,213022.31944930306,192302.18593396037,191959.7151417545,236900.83930804505
2023-01-11,194328.8089492573,211944.76830184212,190511.37259472697,194657.51268814123,239927.70973040833
2023-01-12,197709.81461026805,211163.83254134408,188322.18063916056,198124.11089370764,240354.212141297
2023-01-13,200380.40462186473,213652.95409285775,188567.1939753422,200790.69500015295,243200.57032611145
2023-01-16,201391.95816495555,217080.4049290394,187081.3601282963,201736.50444839514,245777.0568678595
2023-01-17,203751.51894071238,217193.06560408822,187958.57642163127,204215.29949234045,249051.72144915833
2023-01-18,201407.03772428172,216656.6908940052,187619.81206311076,201947.85240982092,249919.6355421759
2023-01-19,199411.15906217234,214793.04283797494,186938.46361340373,200006.5806813053,248585.57914569153
2023-01-20,198536.48686673777,214621.18865096322,184893.92064465373,199045.22014663732,247797.96760394349
2023-01-23,189675.18057706492,216401.10730635872,184803.8246973881,190121.71550796545,251624.6692946173
2023-01-24,188853.32098844188,217709.28288924447,184161.20168103068,189205.9124073795,253232.13383319153
2023-01-25,185875.99036100047,210312.02359664193,181875.36827648967,186136.04149673498,252904.9499953009
2023-01-27,186308.28102567332,204490.89517867318,180541.16151989787,186436.0490040592,251354.0355360724
2023-01-30,186122.06255376476,204286.40987303964,180360.7414878239,186249.63427584874,251102.79625650085
2023-01-31,191431.7672552418,201727.57686046642,181646.91655079694,191543.628431229,255560.45255168213
2023-02-01,192515.9239098744,198375.3446216969,177175.754655045,192595.6710032505,256218.00991001955
2023-02-02,192323.4373856892,198177.00292742197,176998.70295877117,192403.07599111975,255961.80483941713
2023-02-03,192509.20457303664,200390.7982818684,180379.76255860942,192620.80893336525,256157.68829380863
2023-02-06,190994.8365920796,202356.2407867512,179635.53135743755,191022.42538844337,254052.330562638
2023-02-07,189477.73884427687,203433.38637085765,179593.01492372173,189711.9229928135,252259.3506584632
2023-02-08,194040.48103177687,204523.34315796703,182331.1398016514,194126.0080758213,258367.81321339484
2023-02-09,192138.0785049214,206622.19081421703,183808.04031434673,192295.4249459385,255850.86597828742
2023-02-10,192619.3932327046,206635.25290222972,182921.2487951817,192878.06396876564,256589.71834950324
2023-02-13,192247.7054580464,204924.11014099926,181565.93859925884,192582.44066249122,255878.65931324835
2023-02-14,191376.64890897414,205705.36339112133,184499.3795172276,191457.06761561622,254451.8449516761
2023-02-15,191586.5540908589,210246.10385437816,187814.27230897563,191699.17622767677,254848.6288261878
2023-02-16,192139.4828017964,215479.50632019847,187919.91581788677,192267.5803567051,255578.0266991126
2023-02-17,195506.47215116164,211957.30003662914,187283.6772162022,195762.58015834083,260001.99110035773
2023-02-20,198816.55027616164,212770.3562957844,185983.10588136333,199053.60757838478,264381.277248429
2023-02-21,196644.6432327046,211217.97453614086,186405.3412787022,196919.69050990333,261488.2022209632
2023-02-22,193112.2562392964,209544.03244324535,182109.25286927837,193246.34013758888,256623.6307793128
2023-02-23,192360.7386611714,208042.39985962718,180971.2928625645,192340.4991494297,255569.66592030402
2023-02-24,193379.86091458937,207490.8333007893,181572.39381471294,193331.78662501564,257011.67135243292
2023-02-27,192590.32087552687,207497.80140992015,180401.56474366802,192527.69021998634,256083.25835804816
2023-02-28,194456.0104202046,205917.03258057445,177687.84967103618,194459.03117762794,258659.57282643195
2023-03-01,194742.0026077046,210408.14248963207,179093.07893434184,194744.88751612892,259147.78265004035
2023-03-02,195133.54716336867,209057.33897705883,177972.86879029887,195203.45276271095,259707.29006581183
2023-03-03,193318.6451858296,209256.62768860668,181132.76838746684,193324.29108058204,257327.7998619544
2023-03-06,193039.98173368117,209215.21557923168,183228.1719214024,192959.10696803321,256892.34258656378
2023-03-08,194786.8082717671,213372.67012329906,183973.63627687114,194724.2834817051,259184.72192005988
2023-03-09,194195.67732083937,211338.2550384602,179617.171082169,194276.31328212013,258433.17741017218
2023-03-10,193665.0621780171,208982.32635804027,176675.00906434673,193635.7621041416,257601.41596608039
2023-03-13,189657.0492080464,207024.23956604808,173104.4170233311,189634.6488228916,252127.7277336585
2023-03-14,189467.4625059895,206817.2668253712,172931.4061557774,189445.0281247715,251875.60128984135
2023-03-15,190430.23350769852,204573.83426352733,170911.55787898297,190511.55077322427,253188.20028199835
2023-03-16,190631.94728333328,202205.19232627147,170919.12806941266,190668.02095755044,253426.85866822882
2023-03-17,195190.31740052078,203294.20383139842,171013.23323298688,195392.41562612954,259733.3970593421
2023-03-20,193992.53029114578,199925.701908791,167502.71443415876,194087.6584239811,257994.19003237982
2023-03-21,196833.91328675125,200649.74841758006,171424.3428521275,197047.71433218423,261892.3867639472
2023-03-22,197826.31163269852,201880.29234763377,172996.5440240025,198045.80780752603,263136.05621279974
2023-03-23,198449.41877991532,200645.99477072948,171453.69172908063,198604.17807730142,263911.97279299994
2023-03-24,198156.04768616532,200027.98296042674,167297.38106013532,198204.16031607095,263495.9329523017
2023-03-27,199491.15803772782,200302.8066908955,168773.74580622907,199486.09781607095,265208.5665735175
2023-03-28,198299.45598084305,199743.37550803417,168534.93336726422,198240.09444387857,263645.3182977607
2023-03-29,202586.43770081375,202812.65483542674,169000.77931452985,202520.7036357731,269412.69195498724
2023-03-31,203895.82210022782,205789.67410727733,174570.3451104283,203869.58675344888,271195.72390689154
2023-04-03,204318.83186585282,206990.2250868916,175274.45399714704,204390.26210745279,271946.44660965033
2023-04-05,205791.37697083328,205672.921238625,175004.4486260533,205996.13140066568,273703.64105239935
2023-04-06,206059.42677552078,206291.7556349873,176690.94111872907,206298.2527538151,274015.80693069525
2023-04-10,205886.09358460282,206423.14964743846,176184.15846492047,206209.762382111,273829.8738404853
2023-04-11,207258.09074646805,206036.1692549824,177325.263750565,207433.79926260415,275521.952057038
2023-04-12,205710.15626770828,207225.41821738475,177811.33778620954,205889.00780447427,273426.78070083685
2023-04-13,204924.15413147782,208460.53140708202,178864.63716365094,204980.87207754556,272232.21078506537
2023-04-17,207204.84944397782,204797.89271994823,179158.64967585797,207047.82604177896,275080.8594972236
2023-04-18,206997.80322248125,204593.21446257824,178979.53859040875,206840.78880960125,274805.83831082226
2023-04-19,204740.28774018146,200792.28634954116,179356.86186933945,204585.13970980878,271776.39836572343
2023-04-20,203578.08218245747,201998.80099797866,179181.28404951523,203422.3627627873,270225.8917096871
2023-04-21,200627.59962325337,198945.9899628224,178560.4995036168,200406.00357089276,266246.22727987746
2023-04-24,202771.73458724262,198245.64059758803,178891.43913984727,202562.73364291425,269112.7758943794
2023-04-25,202693.02027755024,199362.43063665053,180791.34429121445,202486.19232211346,268985.7607271431
2023-04-26,203183.40962081196,200965.54318547866,179884.57115889023,203000.7250674748,269654.528671479
2023-04-27,204421.09249739887,202362.56540227553,181794.3495402379,204244.2371829533,271286.90895102004
2023-04-28,205911.57421736958,204779.04123235366,183229.32323408555,205735.1639712834,273221.2569124458
